scenario,npv,roi,payback_year
Conservative,1361718.0365142748,0.5513598098737341,15
Base,7810939.4868581295,1.3160690468595384,11
High-risk future,17314936.964466058,2.4746399409163593,9
