scenario,npv,roi,payback_year
Conservative,-1226208.5455024298,-1.3908264952869118,
Base,-676362.0890024131,-0.5547757778502127,
High-risk future,775658.1225616087,1.6543161889526548,11.0
