scenario,cooling_credit_value,physical_cooling_index,water_retention_index,evapotranspiration_recovery_index,ocean_surface_cooling_index,dissolved_oxygen_recovery_index,marine_food_web_recovery_index,fishery_tourism_cobenefit_index,desert_surface_cooling_index,desert_water_supply_index,humus_soil_settlement_index,desert_vegetation_recovery_index,desert_energy_settlement_index,disaster_pressure_reduction_index,local_economic_cobenefit_index
Integrated Natural Feedback,43.879139,52.013958,100.000000,91.521167,46.422016,48.676301,47.627944,48.461319,45.030893,47.241210,59.662873,46.184786,55.130439,61.861231,71.853968
Coastal Desert Edge Regeneration,9.398202,22.094766,63.831268,47.990176,5.497134,7.734734,9.161552,13.290645,43.528811,46.189819,48.664023,42.052566,59.200947,27.841634,41.842590
Forest Regeneration,8.167856,19.732518,49.544588,57.856005,6.557932,8.644615,9.483216,14.368591,7.361630,7.705214,16.933981,8.973041,6.250397,26.039848,38.382420
Organic Waste to Humus,6.223169,16.553229,49.357910,46.972925,3.998821,5.324474,8.135250,11.268325,7.498105,8.846673,25.867504,9.230593,6.423040,18.903179,36.695850
EEZ Ocean Cooling,5.175820,17.085794,22.936055,20.445557,49.407877,50.963932,56.953311,57.210028,6.610809,8.290127,10.028756,6.326192,9.681927,15.421188,28.882264
Urban Mist Cooling,3.725003,16.539317,25.337854,18.710175,3.280316,4.327338,9.183232,8.940645,5.334271,5.978070,10.234561,4.409707,6.739179,13.773199,23.761633
Accounting Offset Only,0.000000,0.000000,0.000000,0.000000,0.000000,0.000000,4.500000,1.500000,0.000000,0.000000,4.500000,0.000000,0.450000,0.000000,3.513000
