scenario,cooling_credit_value,physical_cooling_index,water_retention_index,evapotranspiration_recovery_index,disaster_pressure_reduction_index,local_economic_cobenefit_index
Integrated Natural Feedback,57.29731605827318,57.7257245261457,92.60876016483437,89.96697828301201,66.59758155449063,71.06104878571865
Forest Regeneration,15.684810746516838,28.57765441006562,58.793064137195216,64.24148955794321,39.26463306409593,46.833234589598575
Organic Waste to Humus,11.673508332029876,24.070496086797576,56.432020088744125,50.96802163474852,27.51031636671717,45.21525069347775
Urban Mist Cooling,6.509682062943403,24.940967213473378,28.979236891210103,21.575602063338877,19.44040432701751,28.13814439382179
Accounting Offset Only,0.0,0.0,0.0,0.0,0.0,4.1000000000000005
