scenario,npv,roi,payback_year
Conservative,-4290463.225688541,0.04301600759787106,20
Base,6884770.828525852,0.9108386431511061,12
High-risk future,23940982.143505663,2.265732873346713,9
