scenario,npv,roi,payback_year
Conservative,14303463.530631825,0.9463680897727147,12
Base,43110385.41043918,1.845078342493706,9
High-risk future,83765967.1897098,3.1242826633853586,7
